<?xml version="1.0" ?>
<LOG_ROOT>
	<PROJECT NAME="top_level">
		<CBX_INST_ENTRY INSTANCE_NAME="|top_level|sld_signaltap:auto_signaltap_0|sld_signaltap_impl:sld_signaltap_body|sld_signaltap_implb:sld_signaltap_body|altdpram:\stp_non_zero_ram_gen:attribute_mem_gen:attribute_mem|lpm_decode:wdecoder" CBX_FILE_NAME="decode_dvf.tdf"/>
		<CBX_INST_ENTRY INSTANCE_NAME="|top_level|sld_signaltap:auto_signaltap_0|sld_signaltap_impl:sld_signaltap_body|sld_signaltap_implb:sld_signaltap_body|sld_ela_control:ela_control|sld_ela_trigger:\multi_level_advanced_trigger_gen:advanced_trigger_wrapper" CBX_FILE_NAME="sld_ela_trigger_4vo.tdf"/>
		<CBX_INST_ENTRY INSTANCE_NAME="|top_level|sld_signaltap:auto_signaltap_0|sld_signaltap_impl:sld_signaltap_body|sld_signaltap_implb:sld_signaltap_body|sld_offload_buffer_mgr:\stp_non_zero_depth_offload_gen:stp_offload_buff_mgr_inst|LPM_COUNTER:status_read_pointer_counter" CBX_FILE_NAME="cntr_23j.tdf"/>
		<CBX_INST_ENTRY INSTANCE_NAME="|top_level|ROM:inst_ROM|altsyncram:altsyncram_component" CBX_FILE_NAME="altsyncram_6ac1.tdf"/>
		<CBX_INST_ENTRY INSTANCE_NAME="|top_level|sld_signaltap:auto_signaltap_0|sld_signaltap_impl:sld_signaltap_body|sld_signaltap_implb:sld_signaltap_body|sld_ela_control:ela_control|sld_ela_trigger:\multi_level_advanced_trigger_gen:advanced_trigger_wrapper|sld_ela_trigger_4vo:auto_generated|sld_reserved_top_level_auto_signaltap_0_1_8f1f:mgl_prim1|lpm_compare:constant_compare_124" CBX_FILE_NAME="cmpr_cmk.tdf"/>
		<CBX_INST_ENTRY INSTANCE_NAME="|top_level|sld_signaltap:auto_signaltap_0|sld_signaltap_impl:sld_signaltap_body|sld_signaltap_implb:sld_signaltap_body|sld_ela_control:ela_control|sld_ela_trigger:\multi_level_advanced_trigger_gen:advanced_trigger_wrapper|sld_ela_trigger_4vo:auto_generated|sld_reserved_top_level_auto_signaltap_0_1_8f1f:mgl_prim1|lpm_compare:constant_compare_199" CBX_FILE_NAME="cmpr_tkk.tdf"/>
		<CBX_INST_ENTRY INSTANCE_NAME="|top_level|sld_signaltap:auto_signaltap_0|sld_signaltap_impl:sld_signaltap_body|sld_signaltap_implb:sld_signaltap_body|sld_ela_control:ela_control|sld_ela_trigger:\multi_level_advanced_trigger_gen:advanced_trigger_wrapper|sld_ela_trigger_4vo:auto_generated|sld_reserved_top_level_auto_signaltap_0_1_8f1f:mgl_prim1|lpm_compare:constant_compare_61" CBX_FILE_NAME="cmpr_7mk.tdf"/>
		<CBX_INST_ENTRY INSTANCE_NAME="|top_level|sld_signaltap:auto_signaltap_0|sld_signaltap_impl:sld_signaltap_body|sld_signaltap_implb:sld_signaltap_body|sld_offload_buffer_mgr:\stp_non_zero_depth_offload_gen:stp_offload_buff_mgr_inst|LPM_COUNTER:read_pointer_counter" CBX_FILE_NAME="cntr_i6j.tdf"/>
		<CBX_INST_ENTRY INSTANCE_NAME="|top_level|sld_signaltap:auto_signaltap_0|sld_signaltap_impl:sld_signaltap_body|sld_signaltap_implb:sld_signaltap_body|altsyncram:\stp_non_zero_ram_gen:stp_buffer_ram" CBX_FILE_NAME="altsyncram_eu14.tdf"/>
		<CBX_INST_ENTRY INSTANCE_NAME="|top_level|sld_signaltap:auto_signaltap_0|sld_signaltap_impl:sld_signaltap_body|sld_signaltap_implb:sld_signaltap_body|sld_offload_buffer_mgr:\stp_non_zero_depth_offload_gen:stp_offload_buff_mgr_inst|LPM_COUNTER:status_advance_pointer_counter" CBX_FILE_NAME="cntr_egi.tdf"/>
		<CBX_INST_ENTRY INSTANCE_NAME="|top_level|sld_signaltap:auto_signaltap_0|sld_signaltap_impl:sld_signaltap_body|sld_signaltap_implb:sld_signaltap_body|altdpram:\stp_non_zero_ram_gen:attribute_mem_gen:attribute_mem|lpm_mux:mux" CBX_FILE_NAME="mux_ssc.tdf"/>
		<CBX_INST_ENTRY INSTANCE_NAME="|top_level|sld_signaltap:auto_signaltap_0|sld_signaltap_impl:sld_signaltap_body|sld_signaltap_implb:sld_signaltap_body|sld_ela_control:ela_control|sld_ela_trigger:\multi_level_advanced_trigger_gen:advanced_trigger_wrapper|sld_ela_trigger_4vo:auto_generated|sld_reserved_top_level_auto_signaltap_0_1_8f1f:mgl_prim1|lpm_compare:constant_compare_175" CBX_FILE_NAME="cmpr_nkk.tdf"/>
		<CBX_INST_ENTRY INSTANCE_NAME="|top_level|sld_signaltap:auto_signaltap_0|sld_signaltap_impl:sld_signaltap_body|sld_signaltap_implb:sld_signaltap_body|sld_ela_control:ela_control|sld_ela_trigger:\multi_level_advanced_trigger_gen:advanced_trigger_wrapper|sld_ela_trigger_4vo:auto_generated|sld_reserved_top_level_auto_signaltap_0_1_8f1f:mgl_prim1|lpm_compare:constant_compare_184" CBX_FILE_NAME="cmpr_pkk.tdf"/>
		<CBX_INST_ENTRY INSTANCE_NAME="|top_level|sld_signaltap:auto_signaltap_0|sld_signaltap_impl:sld_signaltap_body|sld_signaltap_implb:sld_signaltap_body|sld_offload_buffer_mgr:\stp_non_zero_depth_offload_gen:stp_offload_buff_mgr_inst|LPM_COUNTER:\adv_point_3_and_more:advance_pointer_counter" CBX_FILE_NAME="cntr_jgi.tdf"/>
	</PROJECT>
</LOG_ROOT>
